,Title,URL,Score
0,"Discussion Thread: President Donald Trump Diagnosed with COVID-19, Staying at Walter Reed Medical Center - Part III",https://www.reddit.com/r/politics/comments/j58xri/discussion_thread_president_donald_trump/,3732
1,"The ""What happened in your state last week?"" Megathread, Week 40",https://www.reddit.com/r/politics/comments/j5mbuy/the_what_happened_in_your_state_last_week/,17
2,Trump press secretary Kayleigh McEnany tests positive for coronavirus,https://www.cnbc.com/2020/10/05/trump-press-secretary-kayleigh-mcenany-tests-positive-for-coronavirus.html,7313
3,"Shut Down the Supreme Court Confirmation — If the roles were reversed, Mitch McConnell would use his power to stop a Democratic president’s Supreme Court pick. Democrats now face pressure to fight Trump's nominee just as vigorously.",https://jacobinmag.com/2020/10/shut-down-the-supreme-court-confirmation,24683
4,CNN medical analyst: I'd perform psychiatric evaluation on patient who left hospital like Trump did,https://thehill.com/homenews/media/519580-cnn-medical-analyst-id-perform-psychiatric-evaluation-on-patient-who-left,15164
5,102-year-old Chicago teacher wears hazmat suit to cast mail-in ballot,https://nypost.com/2020/10/02/chicago-teacher-102-dons-hazmat-suit-to-submit-mail-in-ballot/,10197
6,Secret Service agents criticize Trump car ride: 'This should never have happened',https://thehill.com/homenews/administration/519588-secret-service-agents-criticize-trump-car-ride-this-should-never-have,8868
7,"Trump told Sean Hannity he was still waiting on his COVID-19 test, when in fact he already had a positive result",https://www.businessinsider.com/trump-didnt-mention-positive-covid-test-fox-hannity-interview-2020-10,17588
8,Melania Trump reportedly refused to leave COVID-19 isolation for fear of infecting Secret Service agents — unlike Trump who took a ride in his motorcade,https://www.businessinsider.com/melania-trump-observing-coronavirus-isolation-rules-unlike-president-nbc-2020-10,5121
9,Dexamethasone: Rare Side Effect of Drug Given to Trump for Covid Includes Grandoise Delusions,https://www.newsweek.com/trump-covid-steroids-dexamethasone-side-effects-1536296,29057
